sample,candidates,pipeline_success,pipeline_success_rate,raw_selected,safe_selected,failed,best_bbox_mean_error,best_volume_error
part_001,5,4,0.8,4,0,1,0.5767158540905031,1.4206893929605349
part_002,5,5,1.0,4,1,0,0.4513202208325378,0.931878578565414
part_003,5,4,0.8,3,1,1,0.19155843993604216,0.0372342887861033
part_004,5,5,1.0,3,2,0,0.49800008138020835,0.9324513022445214
part_005,5,4,0.8,2,2,1,0.4187722785605324,0.9617896581512544
part_006,5,4,0.8,3,1,1,0.3383446795842651,1.5177783551945676
part_007,5,3,0.6,3,0,2,0.40370370370370373,0.2632176035311869
part_008,5,5,1.0,5,0,0,0.20072751322751317,0.3541056646285233
